Timestamp,Max Connections
2023-12-04 21:50:30,245740
2023-12-04 21:50:32,62914540
2023-12-04 21:50:34,1006632940
2023-12-04 21:50:36,1006632940
2023-12-04 21:50:38,1006632940
2023-12-04 21:50:40,1006632940
2023-12-04 21:50:42,1006632940
2023-12-04 21:50:44,1006632940
2023-12-04 21:50:46,1006632940
2023-12-04 21:50:48,1006632940
2023-12-04 21:50:50,1006632940
2023-12-04 21:50:52,1006632940
2023-12-04 21:50:54,1006632940
2023-12-04 21:50:56,1006632940
2023-12-04 21:50:58,1006632940
2023-12-04 21:51:01,1006632940
2023-12-04 21:51:03,1006632940
2023-12-04 21:51:05,1006632940
2023-12-04 21:51:07,1006632940
2023-12-04 21:51:09,1006632940
2023-12-04 21:51:11,1006632940
2023-12-04 21:51:13,503316471
2023-12-04 21:51:15,2
2023-12-04 21:51:17,2
2023-12-04 21:51:19,2
2023-12-04 21:51:21,2
2023-12-04 21:51:23,2
2023-12-04 21:51:25,2
2023-12-04 21:51:27,2
2023-12-04 21:51:29,8
2023-12-04 21:51:31,2
2023-12-04 21:51:33,2
2023-12-04 21:51:36,2
2023-12-04 21:51:38,2
2023-12-04 21:51:40,2
2023-12-04 21:51:42,2
2023-12-04 21:51:44,68
2023-12-04 21:51:46,22508
2023-12-04 21:51:48,5767148
2023-12-04 21:51:50,738197484
2023-12-04 21:51:52,738197484
2023-12-04 21:51:54,738197484
2023-12-04 21:51:56,738197484
2023-12-04 21:51:58,738197484
2023-12-04 21:52:00,738197484
2023-12-04 21:52:02,738197484
2023-12-04 21:52:04,738197484
2023-12-04 21:52:06,738197484
2023-12-04 21:52:08,738197484
2023-12-04 21:52:10,738197484
2023-12-04 21:52:13,738197484
2023-12-04 21:52:15,738197484
2023-12-04 21:52:17,738197484
2023-12-04 21:52:19,738197484
2023-12-04 21:52:21,738197484
2023-12-04 21:52:23,738197484
2023-12-04 21:52:25,738197484
2023-12-04 21:52:27,738197484
2023-12-04 21:52:29,23068673
2023-12-04 21:52:31,2
2023-12-04 21:52:33,2
2023-12-04 21:52:35,2
2023-12-04 21:52:37,2
2023-12-04 21:52:39,2
2023-12-04 21:52:41,2
2023-12-04 21:52:43,2
2023-12-04 21:52:45,2
2023-12-04 21:52:48,2
2023-12-04 21:52:50,2
2023-12-04 21:52:52,2
2023-12-04 21:52:54,2
2023-12-04 21:52:56,2
2023-12-04 21:52:58,2
2023-12-04 21:53:00,1388
2023-12-04 21:53:02,360428
2023-12-04 21:53:04,92274668
2023-12-04 21:53:06,738197484
2023-12-04 21:53:08,738197484
2023-12-04 21:53:10,738197484
2023-12-04 21:53:12,738197484
2023-12-04 21:53:14,738197484
2023-12-04 21:53:16,738197484
2023-12-04 21:53:18,738197484
2023-12-04 21:53:20,738197484
2023-12-04 21:53:23,738197484
2023-12-04 21:53:25,738197484
2023-12-04 21:53:27,738197484
2023-12-04 21:53:29,738197484
2023-12-04 21:53:31,738197484
2023-12-04 21:53:33,738197484
2023-12-04 21:53:35,738197484
2023-12-04 21:53:37,738197484
2023-12-04 21:53:39,738197484
2023-12-04 21:53:41,738197484
2023-12-04 21:53:43,10
2023-12-04 21:53:45,2
2023-12-04 21:53:47,2
2023-12-04 21:53:49,2
2023-12-04 21:53:51,2
2023-12-04 21:53:53,2
2023-12-04 21:53:55,2
2023-12-04 21:53:58,2
2023-12-04 21:54:00,7
2023-12-04 21:54:02,2
2023-12-04 21:54:04,2
2023-12-04 21:54:06,2
2023-12-04 21:54:08,2
2023-12-04 21:54:10,2
2023-12-04 21:54:12,2
2023-12-04 21:54:14,332
2023-12-04 21:54:16,90092
2023-12-04 21:54:18,5767148
2023-12-04 21:54:20,738197484
2023-12-04 21:54:22,738197484
2023-12-04 21:54:24,738197484
2023-12-04 21:54:26,738197484
2023-12-04 21:54:28,738197484
2023-12-04 21:54:30,738197484
2023-12-04 21:54:33,738197484
2023-12-04 21:54:35,738197484
2023-12-04 21:54:37,738197484
2023-12-04 21:54:39,738197484
2023-12-04 21:54:41,738197484
2023-12-04 21:54:43,738197484
2023-12-04 21:54:45,738197484
2023-12-04 21:54:47,738197484
2023-12-04 21:54:49,738197484
2023-12-04 21:54:51,738197484
2023-12-04 21:54:53,738197484
2023-12-04 21:54:55,738197484
2023-12-04 21:54:57,184549372
2023-12-04 21:54:59,1441793
2023-12-04 21:55:01,5633
2023-12-04 21:55:03,12
2023-12-04 21:55:05,2
2023-12-04 21:55:08,2
2023-12-04 21:55:10,2
2023-12-04 21:55:12,2
2023-12-04 21:55:14,68
2023-12-04 21:55:16,2
2023-12-04 21:55:18,2
2023-12-04 21:55:20,2
2023-12-04 21:55:22,2
2023-12-04 21:55:24,2
2023-12-04 21:55:26,2
2023-12-04 21:55:28,2
2023-12-04 21:55:30,5612
2023-12-04 21:55:32,1441772
2023-12-04 21:55:34,369098732
2023-12-04 21:55:36,738197484
2023-12-04 21:55:38,738197484
2023-12-04 21:55:40,738197484
2023-12-04 21:55:43,738197484
2023-12-04 21:55:45,738197484
2023-12-04 21:55:47,738197484
2023-12-04 21:55:49,738197484
2023-12-04 21:55:51,738197484
2023-12-04 21:55:53,738197484
2023-12-04 21:55:55,738197484
2023-12-04 21:55:57,738197484
2023-12-04 21:55:59,738197484
2023-12-04 21:56:01,738197484
2023-12-04 21:56:03,738197484
2023-12-04 21:56:05,738197484
2023-12-04 21:56:07,738197484
2023-12-04 21:56:09,738197484
2023-12-04 21:56:11,738197484
2023-12-04 21:56:13,23068673
2023-12-04 21:56:15,90113
2023-12-04 21:56:18,353
2023-12-04 21:56:20,3
2023-12-04 21:56:22,2
2023-12-04 21:56:24,2
2023-12-04 21:56:26,2
2023-12-04 21:56:28,2
2023-12-04 21:56:30,2
2023-12-04 21:56:32,2
2023-12-04 21:56:34,2
2023-12-04 21:56:36,2
2023-12-04 21:56:38,2
2023-12-04 21:56:40,2
2023-12-04 21:56:42,2
2023-12-04 21:56:44,2
2023-12-04 21:56:46,2
2023-12-04 21:56:48,2
2023-12-04 21:56:50,2
2023-12-04 21:56:53,2
2023-12-04 21:56:55,2
2023-12-04 21:56:57,2
2023-12-04 21:56:59,68
2023-12-04 21:57:01,11244
2023-12-04 21:57:03,1441772
2023-12-04 21:57:05,369098732
2023-12-04 21:57:07,738197484
2023-12-04 21:57:09,738197484
2023-12-04 21:57:11,738197484
2023-12-04 21:57:13,738197484
2023-12-04 21:57:15,738197484
2023-12-04 21:57:17,738197484
2023-12-04 21:57:19,738197484
2023-12-04 21:57:21,738197484
2023-12-04 21:57:23,738197484
2023-12-04 21:57:25,738197484
2023-12-04 21:57:28,738197484
2023-12-04 21:57:30,738197484
2023-12-04 21:57:32,738197484
2023-12-04 21:57:34,738197484
2023-12-04 21:57:36,738197484
2023-12-04 21:57:38,738197484
2023-12-04 21:57:40,738197484
2023-12-04 21:57:42,738197484
2023-12-04 21:57:44,11534337
2023-12-04 21:57:46,45057
2023-12-04 21:57:48,177
2023-12-04 21:57:50,2
2023-12-04 21:57:52,2
2023-12-04 21:57:54,2
2023-12-04 21:57:56,2
2023-12-04 21:57:58,2
2023-12-04 21:58:00,2
2023-12-04 21:58:03,2
2023-12-04 21:58:05,2
2023-12-04 21:58:07,2
2023-12-04 21:58:09,2
2023-12-04 21:58:11,2
2023-12-04 21:58:13,2
2023-12-04 21:58:15,1388
2023-12-04 21:58:17,720876
2023-12-04 21:58:19,92274668
2023-12-04 21:58:21,738197484
2023-12-04 21:58:23,738197484
2023-12-04 21:58:25,738197484
2023-12-04 21:58:27,738197484
2023-12-04 21:58:29,738197484
2023-12-04 21:58:31,738197484
2023-12-04 21:58:33,738197484
2023-12-04 21:58:35,738197484
2023-12-04 21:58:38,738197484
2023-12-04 21:58:40,738197484
2023-12-04 21:58:42,738197484
2023-12-04 21:58:44,738197484
2023-12-04 21:58:46,738197484
2023-12-04 21:58:48,738197484
2023-12-04 21:58:50,738197484
2023-12-04 21:58:52,738197484
2023-12-04 21:58:54,738197484
2023-12-04 21:58:56,738197484
